<application>
  <component name="FileTypeManager" version="17">
    <extensionMap>
      <mapping ext="gradle.kts" type="Kotlin" />
      <mapping ext="main.kts" type="Kotlin" />
      <mapping pattern="LICENSE" type="PLAIN_TEXT" />
      <mapping pattern="keyword_priorities" type="PLAIN_TEXT" />
      <mapping ext="config" type="PLAIN_TEXT" />
      <mapping ext="proto" type="PLAIN_TEXT" />
      <mapping ext="p12" type="PLAIN_TEXT" />
      <mapping pattern="create_rollup.py" type="CFML" />
      <mapping pattern="vigilantt" type="Python" />
    </extensionMap>
  </component>
</application>